dim,activation,dtype,fp8,competitor,measurement,value
32,relu,float16,False,FP8MLP,Forward Time (ms),0.15373750065919012
32,relu,float16,False,FP8MLP,Backward Time (ms),0.5630667001241818
32,relu,float16,False,PreCompiledFP8MLP,Forward Time (ms),0.17363329825457186
32,relu,float16,False,PreCompiledFP8MLP,Backward Time (ms),0.31140000210143626
32,relu,bfloat16,False,FP8MLP,Forward Time (ms),0.15704169927630574
32,relu,bfloat16,False,FP8MLP,Backward Time (ms),0.33170000242535025
32,relu,bfloat16,False,PreCompiledFP8MLP,Forward Time (ms),0.13609579764306545
32,relu,bfloat16,False,PreCompiledFP8MLP,Backward Time (ms),0.28441260219551623
32,relu,float32,False,FP8MLP,Forward Time (ms),0.10579169902484864
32,relu,float32,False,FP8MLP,Backward Time (ms),0.26408330304548144
32,relu,float32,False,PreCompiledFP8MLP,Forward Time (ms),0.11766250245273113
32,relu,float32,False,PreCompiledFP8MLP,Backward Time (ms),0.31030829704832286
32,silu,float16,False,FP8MLP,Forward Time (ms),0.14748340181540698
32,silu,float16,False,FP8MLP,Backward Time (ms),0.3315082984045148
32,silu,float16,False,PreCompiledFP8MLP,Forward Time (ms),0.13437910238280892
32,silu,float16,False,PreCompiledFP8MLP,Backward Time (ms),0.33549589570611715
32,silu,bfloat16,False,FP8MLP,Forward Time (ms),0.14930829929653555
32,silu,bfloat16,False,FP8MLP,Backward Time (ms),0.320158401154913
32,silu,bfloat16,False,PreCompiledFP8MLP,Forward Time (ms),0.15877500118222088
32,silu,bfloat16,False,PreCompiledFP8MLP,Backward Time (ms),0.2532499987864867
32,silu,float32,False,FP8MLP,Forward Time (ms),0.1131500001065433
32,silu,float32,False,FP8MLP,Backward Time (ms),0.2685790997929871
32,silu,float32,False,PreCompiledFP8MLP,Forward Time (ms),0.11304999934509397
32,silu,float32,False,PreCompiledFP8MLP,Backward Time (ms),0.2481625007931143
32,relu2,float16,False,FP8MLP,Forward Time (ms),0.21249160054139793
32,relu2,float16,False,FP8MLP,Backward Time (ms),0.46302089758682996
32,relu2,float16,False,PreCompiledFP8MLP,Forward Time (ms),0.1247334002982825
32,relu2,float16,False,PreCompiledFP8MLP,Backward Time (ms),0.2707456995267421
32,relu2,bfloat16,False,FP8MLP,Forward Time (ms),0.2066832996206358
32,relu2,bfloat16,False,FP8MLP,Backward Time (ms),0.46117500169202685
32,relu2,bfloat16,False,PreCompiledFP8MLP,Forward Time (ms),0.1311458006966859
32,relu2,bfloat16,False,PreCompiledFP8MLP,Backward Time (ms),0.26410830032546073
32,relu2,float32,False,FP8MLP,Forward Time (ms),0.15851249918341637
32,relu2,float32,False,FP8MLP,Backward Time (ms),0.43396670080255717
32,relu2,float32,False,PreCompiledFP8MLP,Forward Time (ms),0.1866667007561773
32,relu2,float32,False,PreCompiledFP8MLP,Backward Time (ms),0.45075410162098706
64,relu,float16,False,FP8MLP,Forward Time (ms),0.15003340085968375
64,relu,float16,False,FP8MLP,Backward Time (ms),0.5209833005210385
64,relu,float16,False,PreCompiledFP8MLP,Forward Time (ms),0.1686041010543704
64,relu,float16,False,PreCompiledFP8MLP,Backward Time (ms),0.32795839942991734
64,relu,bfloat16,False,FP8MLP,Forward Time (ms),0.14822499942965806
64,relu,bfloat16,False,FP8MLP,Backward Time (ms),0.3267333988333121
64,relu,bfloat16,False,PreCompiledFP8MLP,Forward Time (ms),0.1725416979752481
64,relu,bfloat16,False,PreCompiledFP8MLP,Backward Time (ms),0.34046670189127326
64,relu,float32,False,FP8MLP,Forward Time (ms),0.12653339945245534
64,relu,float32,False,FP8MLP,Backward Time (ms),0.24991249956656247
64,relu,float32,False,PreCompiledFP8MLP,Forward Time (ms),0.13007499801460654
64,relu,float32,False,PreCompiledFP8MLP,Backward Time (ms),0.2701042016269639
64,silu,float16,False,FP8MLP,Forward Time (ms),0.14748329995200038
64,silu,float16,False,FP8MLP,Backward Time (ms),0.30718330235686153
64,silu,float16,False,PreCompiledFP8MLP,Forward Time (ms),0.1678290980635211
64,silu,float16,False,PreCompiledFP8MLP,Backward Time (ms),0.34095840237569064
64,silu,bfloat16,False,FP8MLP,Forward Time (ms),0.17619999998714775
64,silu,bfloat16,False,FP8MLP,Backward Time (ms),0.30772909813094884
64,silu,bfloat16,False,PreCompiledFP8MLP,Forward Time (ms),0.1996542006963864
64,silu,bfloat16,False,PreCompiledFP8MLP,Backward Time (ms),0.304437501472421
64,silu,float32,False,FP8MLP,Forward Time (ms),0.11703750060405582
64,silu,float32,False,FP8MLP,Backward Time (ms),0.267558399355039
64,silu,float32,False,PreCompiledFP8MLP,Forward Time (ms),0.13709580234717578
64,silu,float32,False,PreCompiledFP8MLP,Backward Time (ms),0.26712919934652746
64,relu2,float16,False,FP8MLP,Forward Time (ms),0.20682500035036355
64,relu2,float16,False,FP8MLP,Backward Time (ms),0.520066698663868
64,relu2,float16,False,PreCompiledFP8MLP,Forward Time (ms),0.22449169773608446
64,relu2,float16,False,PreCompiledFP8MLP,Backward Time (ms),0.5145249044289812
64,relu2,bfloat16,False,FP8MLP,Forward Time (ms),0.20039170049130917
64,relu2,bfloat16,False,FP8MLP,Backward Time (ms),0.494904097286053
64,relu2,bfloat16,False,PreCompiledFP8MLP,Forward Time (ms),0.2229583013104275
64,relu2,bfloat16,False,PreCompiledFP8MLP,Backward Time (ms),0.48964169691316783
64,relu2,float32,False,FP8MLP,Forward Time (ms),0.1780749997124076
64,relu2,float32,False,FP8MLP,Backward Time (ms),0.4458542010979727
64,relu2,float32,False,PreCompiledFP8MLP,Forward Time (ms),0.17612079973332584
64,relu2,float32,False,PreCompiledFP8MLP,Backward Time (ms),0.4625500994734466
128,relu,float16,False,FP8MLP,Forward Time (ms),0.1565791986649856
128,relu,float16,False,FP8MLP,Backward Time (ms),0.5333583016181365
128,relu,float16,False,PreCompiledFP8MLP,Forward Time (ms),0.17267079965677112
128,relu,float16,False,PreCompiledFP8MLP,Backward Time (ms),0.32848330156411976
128,relu,bfloat16,False,FP8MLP,Forward Time (ms),0.15741660026833415
128,relu,bfloat16,False,FP8MLP,Backward Time (ms),0.3199291997589171
128,relu,bfloat16,False,PreCompiledFP8MLP,Forward Time (ms),0.17243329784832895
128,relu,bfloat16,False,PreCompiledFP8MLP,Backward Time (ms),0.3239875048166141
128,relu,float32,False,FP8MLP,Forward Time (ms),0.10579160007182509
128,relu,float32,False,FP8MLP,Backward Time (ms),0.2593499986687675
128,relu,float32,False,PreCompiledFP8MLP,Forward Time (ms),0.13094170135445893
128,relu,float32,False,PreCompiledFP8MLP,Backward Time (ms),0.28775419923476875
128,silu,float16,False,FP8MLP,Forward Time (ms),0.15717910137027502
128,silu,float16,False,FP8MLP,Backward Time (ms),0.3341666975757107
128,silu,float16,False,PreCompiledFP8MLP,Forward Time (ms),0.17285409849137068
128,silu,float16,False,PreCompiledFP8MLP,Backward Time (ms),0.33934999955818057
128,silu,bfloat16,False,FP8MLP,Forward Time (ms),0.15473749954253435
128,silu,bfloat16,False,FP8MLP,Backward Time (ms),0.3155250014970079
128,silu,bfloat16,False,PreCompiledFP8MLP,Forward Time (ms),0.18374169885646552
128,silu,bfloat16,False,PreCompiledFP8MLP,Backward Time (ms),0.3452333010500297
128,silu,float32,False,FP8MLP,Forward Time (ms),0.11167500051669776
128,silu,float32,False,FP8MLP,Backward Time (ms),0.25786670157685876
128,silu,float32,False,PreCompiledFP8MLP,Forward Time (ms),0.1303333992836997
128,silu,float32,False,PreCompiledFP8MLP,Backward Time (ms),0.2877875027479604
128,relu2,float16,False,FP8MLP,Forward Time (ms),0.21908750059083104
128,relu2,float16,False,FP8MLP,Backward Time (ms),0.4889999981969595
128,relu2,float16,False,PreCompiledFP8MLP,Forward Time (ms),0.24273339950013906
128,relu2,float16,False,PreCompiledFP8MLP,Backward Time (ms),0.49796660023275763
128,relu2,bfloat16,False,FP8MLP,Forward Time (ms),0.21564589987974614
128,relu2,bfloat16,False,FP8MLP,Backward Time (ms),0.4964707011822611
128,relu2,bfloat16,False,PreCompiledFP8MLP,Forward Time (ms),0.2384541992796585
128,relu2,bfloat16,False,PreCompiledFP8MLP,Backward Time (ms),0.48397500067949295
128,relu2,float32,False,FP8MLP,Forward Time (ms),0.15505000192206353
128,relu2,float32,False,FP8MLP,Backward Time (ms),0.44377500016707927
128,relu2,float32,False,PreCompiledFP8MLP,Forward Time (ms),0.17318750033155084
128,relu2,float32,False,PreCompiledFP8MLP,Backward Time (ms),0.4489582992391661
512,relu,float16,False,FP8MLP,Forward Time (ms),0.28037920128554106
512,relu,float16,False,FP8MLP,Backward Time (ms),2.472941597807221
512,relu,float16,False,PreCompiledFP8MLP,Forward Time (ms),0.27802919794339687
512,relu,float16,False,PreCompiledFP8MLP,Backward Time (ms),0.8183625031961128
512,relu,bfloat16,False,FP8MLP,Forward Time (ms),0.2819832996465266
512,relu,bfloat16,False,FP8MLP,Backward Time (ms),0.8789334009634331
512,relu,bfloat16,False,PreCompiledFP8MLP,Forward Time (ms),0.27558339934330434
512,relu,bfloat16,False,PreCompiledFP8MLP,Backward Time (ms),0.9021083009429276
512,relu,float32,False,FP8MLP,Forward Time (ms),0.20601660071406513
512,relu,float32,False,FP8MLP,Backward Time (ms),0.7100583985447884
512,relu,float32,False,PreCompiledFP8MLP,Forward Time (ms),0.25512500142212957
512,relu,float32,False,PreCompiledFP8MLP,Backward Time (ms),0.696124997921288
512,silu,float16,False,FP8MLP,Forward Time (ms),0.2865042013581842
512,silu,float16,False,FP8MLP,Backward Time (ms),1.194495800882578
512,silu,float16,False,PreCompiledFP8MLP,Forward Time (ms),0.31959579791873693
512,silu,float16,False,PreCompiledFP8MLP,Backward Time (ms),1.1606334010139108
512,silu,bfloat16,False,FP8MLP,Forward Time (ms),0.35619999980553985
512,silu,bfloat16,False,FP8MLP,Backward Time (ms),1.233150000916794
512,silu,bfloat16,False,PreCompiledFP8MLP,Forward Time (ms),0.3551375004462898
512,silu,bfloat16,False,PreCompiledFP8MLP,Backward Time (ms),1.2215666007250547
512,silu,float32,False,FP8MLP,Forward Time (ms),0.20752919954247773
512,silu,float32,False,FP8MLP,Backward Time (ms),0.8541707997210324
512,silu,float32,False,PreCompiledFP8MLP,Forward Time (ms),0.2601708984002471
512,silu,float32,False,PreCompiledFP8MLP,Backward Time (ms),0.8327916031703353
512,relu2,float16,False,FP8MLP,Forward Time (ms),0.3363708994584158
512,relu2,float16,False,FP8MLP,Backward Time (ms),1.2298040994210169
512,relu2,float16,False,PreCompiledFP8MLP,Forward Time (ms),0.32961250108201057
512,relu2,float16,False,PreCompiledFP8MLP,Backward Time (ms),1.2230916996486485
512,relu2,bfloat16,False,FP8MLP,Forward Time (ms),0.3682832990307361
512,relu2,bfloat16,False,FP8MLP,Backward Time (ms),1.1689625011058524
512,relu2,bfloat16,False,PreCompiledFP8MLP,Forward Time (ms),0.27215839945711195
512,relu2,bfloat16,False,PreCompiledFP8MLP,Backward Time (ms),0.8670540992170572
512,relu2,float32,False,FP8MLP,Forward Time (ms),0.2326584013644606
512,relu2,float32,False,FP8MLP,Backward Time (ms),0.6246790988370776
512,relu2,float32,False,PreCompiledFP8MLP,Forward Time (ms),0.2647167013492435
512,relu2,float32,False,PreCompiledFP8MLP,Backward Time (ms),0.6457666982896626
1024,relu,float16,False,FP8MLP,Forward Time (ms),1.0412750008981675
1024,relu,float16,False,FP8MLP,Backward Time (ms),2.897545797168277
1024,relu,float16,False,PreCompiledFP8MLP,Forward Time (ms),0.91190840175841
1024,relu,float16,False,PreCompiledFP8MLP,Backward Time (ms),2.579783197143115
1024,relu,bfloat16,False,FP8MLP,Forward Time (ms),0.9209792013280094
1024,relu,bfloat16,False,FP8MLP,Backward Time (ms),2.6901124976575375
1024,relu,bfloat16,False,PreCompiledFP8MLP,Forward Time (ms),0.9340250020613894
1024,relu,bfloat16,False,PreCompiledFP8MLP,Backward Time (ms),2.6604749989928678
1024,relu,float32,False,FP8MLP,Forward Time (ms),0.5148291995283216
1024,relu,float32,False,FP8MLP,Backward Time (ms),1.983295800164342
1024,relu,float32,False,PreCompiledFP8MLP,Forward Time (ms),0.5609000014374033
1024,relu,float32,False,PreCompiledFP8MLP,Backward Time (ms),1.941345797968097
1024,silu,float16,False,FP8MLP,Forward Time (ms),0.9538249985780567
1024,silu,float16,False,FP8MLP,Backward Time (ms),2.573787499568425
1024,silu,float16,False,PreCompiledFP8MLP,Forward Time (ms),0.9184166992781684
1024,silu,float16,False,PreCompiledFP8MLP,Backward Time (ms),2.5910416996339336
1024,silu,bfloat16,False,FP8MLP,Forward Time (ms),0.9194291982566938
1024,silu,bfloat16,False,FP8MLP,Backward Time (ms),2.734804101055488
1024,silu,bfloat16,False,PreCompiledFP8MLP,Forward Time (ms),0.9278541983803734
1024,silu,bfloat16,False,PreCompiledFP8MLP,Backward Time (ms),2.6817542006028816
1024,silu,float32,False,FP8MLP,Forward Time (ms),0.5069749982794747
1024,silu,float32,False,FP8MLP,Backward Time (ms),1.9899833016097546
1024,silu,float32,False,PreCompiledFP8MLP,Forward Time (ms),0.5512749979970977
1024,silu,float32,False,PreCompiledFP8MLP,Backward Time (ms),1.9515792024321854
1024,relu2,float16,False,FP8MLP,Forward Time (ms),0.9257958008674905
1024,relu2,float16,False,FP8MLP,Backward Time (ms),2.659891697112471
1024,relu2,float16,False,PreCompiledFP8MLP,Forward Time (ms),0.931870800559409
1024,relu2,float16,False,PreCompiledFP8MLP,Backward Time (ms),2.6197125000180677
1024,relu2,bfloat16,False,FP8MLP,Forward Time (ms),0.9473707992583513
1024,relu2,bfloat16,False,FP8MLP,Backward Time (ms),2.7377499995054677
1024,relu2,bfloat16,False,PreCompiledFP8MLP,Forward Time (ms),0.9467583993682638
1024,relu2,bfloat16,False,PreCompiledFP8MLP,Backward Time (ms),2.7176874020369723
1024,relu2,float32,False,FP8MLP,Forward Time (ms),0.5421583016868681
1024,relu2,float32,False,FP8MLP,Backward Time (ms),1.987370799179189
1024,relu2,float32,False,PreCompiledFP8MLP,Forward Time (ms),0.580741697922349
1024,relu2,float32,False,PreCompiledFP8MLP,Backward Time (ms),1.9690292014274746
2048,relu,float16,False,FP8MLP,Forward Time (ms),3.1685291993198916
2048,relu,float16,False,FP8MLP,Backward Time (ms),9.518170799128711
2048,relu,float16,False,PreCompiledFP8MLP,Forward Time (ms),3.131474999827333
2048,relu,float16,False,PreCompiledFP8MLP,Backward Time (ms),9.672829098417424
2048,relu,bfloat16,False,FP8MLP,Forward Time (ms),3.5390000004554167
2048,relu,bfloat16,False,FP8MLP,Backward Time (ms),9.663083299528807
2048,relu,bfloat16,False,PreCompiledFP8MLP,Forward Time (ms),3.1542957993224263
2048,relu,bfloat16,False,PreCompiledFP8MLP,Backward Time (ms),9.993075000238605
2048,relu,float32,False,FP8MLP,Forward Time (ms),1.5504375012824312
2048,relu,float32,False,FP8MLP,Backward Time (ms),7.456637499853969
2048,relu,float32,False,PreCompiledFP8MLP,Forward Time (ms),1.5693291992647573
2048,relu,float32,False,PreCompiledFP8MLP,Backward Time (ms),7.450954100931995
2048,silu,float16,False,FP8MLP,Forward Time (ms),3.1321832997491583
2048,silu,float16,False,FP8MLP,Backward Time (ms),9.624770900700241
2048,silu,float16,False,PreCompiledFP8MLP,Forward Time (ms),3.2597416982753202
2048,silu,float16,False,PreCompiledFP8MLP,Backward Time (ms),9.813945801579393
2048,silu,bfloat16,False,FP8MLP,Forward Time (ms),3.169908298877999
2048,silu,bfloat16,False,FP8MLP,Backward Time (ms),9.918300100252964
2048,silu,bfloat16,False,PreCompiledFP8MLP,Forward Time (ms),3.1505416001891717
2048,silu,bfloat16,False,PreCompiledFP8MLP,Backward Time (ms),9.954650100553408
2048,silu,float32,False,FP8MLP,Forward Time (ms),1.552554199588485
2048,silu,float32,False,FP8MLP,Backward Time (ms),7.437770802062005
2048,silu,float32,False,PreCompiledFP8MLP,Forward Time (ms),1.5716499998234212
2048,silu,float32,False,PreCompiledFP8MLP,Backward Time (ms),7.486845800303854
2048,relu2,float16,False,FP8MLP,Forward Time (ms),3.14196250110399
2048,relu2,float16,False,FP8MLP,Backward Time (ms),9.601712500443682
2048,relu2,float16,False,PreCompiledFP8MLP,Forward Time (ms),3.144829100347124
2048,relu2,float16,False,PreCompiledFP8MLP,Backward Time (ms),9.622687599039637
2048,relu2,bfloat16,False,FP8MLP,Forward Time (ms),3.1660125008784235
2048,relu2,bfloat16,False,FP8MLP,Backward Time (ms),9.980945900315419
2048,relu2,bfloat16,False,PreCompiledFP8MLP,Forward Time (ms),3.2303749991115183
2048,relu2,bfloat16,False,PreCompiledFP8MLP,Backward Time (ms),10.094162498717196
2048,relu2,float32,False,FP8MLP,Forward Time (ms),1.5502416994422674
2048,relu2,float32,False,FP8MLP,Backward Time (ms),7.500137499300763
2048,relu2,float32,False,PreCompiledFP8MLP,Forward Time (ms),1.639866700861603
2048,relu2,float32,False,PreCompiledFP8MLP,Backward Time (ms),7.441287400433794
4096,relu,float16,False,FP8MLP,Forward Time (ms),12.191920902114362
4096,relu,float16,False,FP8MLP,Backward Time (ms),38.24745409656316
4096,relu,float16,False,PreCompiledFP8MLP,Forward Time (ms),11.88029579934664
4096,relu,float16,False,PreCompiledFP8MLP,Backward Time (ms),37.97424590156879
4096,relu,bfloat16,False,FP8MLP,Forward Time (ms),11.975499999243766
4096,relu,bfloat16,False,FP8MLP,Backward Time (ms),38.89676250109915
4096,relu,bfloat16,False,PreCompiledFP8MLP,Forward Time (ms),11.98198749916628
4096,relu,bfloat16,False,PreCompiledFP8MLP,Backward Time (ms),38.84055830130819
4096,relu,float32,False,FP8MLP,Forward Time (ms),5.511466701864265
4096,relu,float32,False,FP8MLP,Backward Time (ms),32.33018749742769
4096,relu,float32,False,PreCompiledFP8MLP,Forward Time (ms),5.527154199080542
4096,relu,float32,False,PreCompiledFP8MLP,Backward Time (ms),32.25572909868788
4096,silu,float16,False,FP8MLP,Forward Time (ms),12.017637499957345
4096,silu,float16,False,FP8MLP,Backward Time (ms),38.285454199649394
4096,silu,float16,False,PreCompiledFP8MLP,Forward Time (ms),11.81176670070272
4096,silu,float16,False,PreCompiledFP8MLP,Backward Time (ms),37.857820800854824
4096,silu,bfloat16,False,FP8MLP,Forward Time (ms),12.185695898369886
4096,silu,bfloat16,False,FP8MLP,Backward Time (ms),39.1563583019888
4096,silu,bfloat16,False,PreCompiledFP8MLP,Forward Time (ms),12.087141600204632
4096,silu,bfloat16,False,PreCompiledFP8MLP,Backward Time (ms),39.03662500088103
4096,silu,float32,False,FP8MLP,Forward Time (ms),5.588987498776987
4096,silu,float32,False,FP8MLP,Backward Time (ms),32.25685840006918
4096,silu,float32,False,PreCompiledFP8MLP,Forward Time (ms),5.567591701401398
4096,silu,float32,False,PreCompiledFP8MLP,Backward Time (ms),32.24377909791656
4096,relu2,float16,False,FP8MLP,Forward Time (ms),12.049791699973866
4096,relu2,float16,False,FP8MLP,Backward Time (ms),38.21582490054425
4096,relu2,float16,False,PreCompiledFP8MLP,Forward Time (ms),11.992091700085439
4096,relu2,float16,False,PreCompiledFP8MLP,Backward Time (ms),38.02996659942437
4096,relu2,bfloat16,False,FP8MLP,Forward Time (ms),11.936816698289476
4096,relu2,bfloat16,False,FP8MLP,Backward Time (ms),38.77802500210237
4096,relu2,bfloat16,False,PreCompiledFP8MLP,Forward Time (ms),11.978229199303314
4096,relu2,bfloat16,False,PreCompiledFP8MLP,Backward Time (ms),38.70172500028275
4096,relu2,float32,False,FP8MLP,Forward Time (ms),5.782366698258556
4096,relu2,float32,False,FP8MLP,Backward Time (ms),32.48625000123866
4096,relu2,float32,False,PreCompiledFP8MLP,Forward Time (ms),5.670724998344667
4096,relu2,float32,False,PreCompiledFP8MLP,Backward Time (ms),32.31314159929752
