dim,activation,dtype,competitor,measurement,value
128,relu,float32,MLP,Forward Time (ms),0.12144320011138916
128,relu,float32,MLP,Backward Time (ms),0.7549792051315307
128,relu,float32,MLP,Forward Peak Memory (GB),0.0201856
128,relu,float32,MLP,Backward Peak Memory (GB),0.021496832
128,relu,float32,PreCompiledMLP,Forward Time (ms),0.40325121879577636
128,relu,float32,PreCompiledMLP,Backward Time (ms),1.249190378189087
128,relu,float32,PreCompiledMLP,Forward Peak Memory (GB),0.019399168
128,relu,float32,PreCompiledMLP,Backward Peak Memory (GB),0.0207104
128,relu,float16,MLP,Forward Time (ms),0.24594879150390625
128,relu,float16,MLP,Backward Time (ms),0.9459872245788574
128,relu,float16,MLP,Forward Peak Memory (GB),0.018612736
128,relu,float16,MLP,Backward Peak Memory (GB),0.019268608
128,relu,float16,PreCompiledMLP,Forward Time (ms),0.5062784194946289
128,relu,float16,PreCompiledMLP,Backward Time (ms),0.9016831398010253
128,relu,float16,PreCompiledMLP,Forward Peak Memory (GB),0.01821952
128,relu,float16,PreCompiledMLP,Backward Peak Memory (GB),0.018875392
128,relu,bfloat16,MLP,Forward Time (ms),0.2267359972000122
128,relu,bfloat16,MLP,Backward Time (ms),0.8618783712387084
128,relu,bfloat16,MLP,Forward Peak Memory (GB),0.018612736
128,relu,bfloat16,MLP,Backward Peak Memory (GB),0.019268608
128,relu,bfloat16,PreCompiledMLP,Forward Time (ms),0.5176415920257569
128,relu,bfloat16,PreCompiledMLP,Backward Time (ms),0.8736928462982176
128,relu,bfloat16,PreCompiledMLP,Forward Peak Memory (GB),0.01821952
128,relu,bfloat16,PreCompiledMLP,Backward Peak Memory (GB),0.018875392
128,relu2,float32,MLP,Forward Time (ms),0.38092799186706544
128,relu2,float32,MLP,Backward Time (ms),1.189695978164673
128,relu2,float32,MLP,Forward Peak Memory (GB),0.022282752
128,relu2,float32,MLP,Backward Peak Memory (GB),0.02464256
128,relu2,float32,PreCompiledMLP,Forward Time (ms),0.5075136184692383
128,relu2,float32,PreCompiledMLP,Backward Time (ms),0.9889632225036621
128,relu2,float32,PreCompiledMLP,Forward Peak Memory (GB),0.020447744
128,relu2,float32,PreCompiledMLP,Backward Peak Memory (GB),0.0207104
128,relu2,float16,MLP,Forward Time (ms),0.3700000047683716
128,relu2,float16,MLP,Backward Time (ms),1.1944672346115113
128,relu2,float16,MLP,Forward Peak Memory (GB),0.019661312
128,relu2,float16,MLP,Backward Peak Memory (GB),0.020841472
128,relu2,float16,PreCompiledMLP,Forward Time (ms),0.4891392230987549
128,relu2,float16,PreCompiledMLP,Backward Time (ms),0.9226175785064697
128,relu2,float16,PreCompiledMLP,Forward Peak Memory (GB),0.018743808
128,relu2,float16,PreCompiledMLP,Backward Peak Memory (GB),0.018875392
128,relu2,bfloat16,MLP,Forward Time (ms),0.3722239971160889
128,relu2,bfloat16,MLP,Backward Time (ms),1.1482047557830812
128,relu2,bfloat16,MLP,Forward Peak Memory (GB),0.019661312
128,relu2,bfloat16,MLP,Backward Peak Memory (GB),0.020841472
128,relu2,bfloat16,PreCompiledMLP,Forward Time (ms),0.48289918899536133
128,relu2,bfloat16,PreCompiledMLP,Backward Time (ms),0.9451711654663086
128,relu2,bfloat16,PreCompiledMLP,Forward Peak Memory (GB),0.018743808
128,relu2,bfloat16,PreCompiledMLP,Backward Peak Memory (GB),0.018875392
128,silu,float32,MLP,Forward Time (ms),0.2545792102813721
128,silu,float32,MLP,Backward Time (ms),0.946777582168579
128,silu,float32,MLP,Forward Peak Memory (GB),0.020447744
128,silu,float32,MLP,Backward Peak Memory (GB),0.021758976
128,silu,float32,PreCompiledMLP,Forward Time (ms),0.5640192031860352
128,silu,float32,PreCompiledMLP,Backward Time (ms),1.1329792022705079
128,silu,float32,PreCompiledMLP,Forward Peak Memory (GB),0.020447744
128,silu,float32,PreCompiledMLP,Backward Peak Memory (GB),0.0207104
128,silu,float16,MLP,Forward Time (ms),0.25180160999298096
128,silu,float16,MLP,Backward Time (ms),1.0055807828903198
128,silu,float16,MLP,Forward Peak Memory (GB),0.018743808
128,silu,float16,MLP,Backward Peak Memory (GB),0.01939968
128,silu,float16,PreCompiledMLP,Forward Time (ms),0.5093535900115966
128,silu,float16,PreCompiledMLP,Backward Time (ms),0.9186879634857179
128,silu,float16,PreCompiledMLP,Forward Peak Memory (GB),0.018743808
128,silu,float16,PreCompiledMLP,Backward Peak Memory (GB),0.018875392
128,silu,bfloat16,MLP,Forward Time (ms),0.2276063919067383
128,silu,bfloat16,MLP,Backward Time (ms),0.8170432090759278
128,silu,bfloat16,MLP,Forward Peak Memory (GB),0.018743808
128,silu,bfloat16,MLP,Backward Peak Memory (GB),0.01939968
128,silu,bfloat16,PreCompiledMLP,Forward Time (ms),0.5269504070281983
128,silu,bfloat16,PreCompiledMLP,Backward Time (ms),0.8916639804840087
128,silu,bfloat16,PreCompiledMLP,Forward Peak Memory (GB),0.018743808
128,silu,bfloat16,PreCompiledMLP,Backward Peak Memory (GB),0.018875392
512,relu,float32,MLP,Forward Time (ms),0.24832000732421874
512,relu,float32,MLP,Backward Time (ms),0.9843808174133301
512,relu,float32,MLP,Forward Peak Memory (GB),0.03591424
512,relu,float32,MLP,Backward Peak Memory (GB),0.04430336
512,relu,float32,PreCompiledMLP,Forward Time (ms),0.4302847862243652
512,relu,float32,PreCompiledMLP,Backward Time (ms),1.2056927680969238
512,relu,float32,PreCompiledMLP,Forward Peak Memory (GB),0.032768512
512,relu,float32,PreCompiledMLP,Backward Peak Memory (GB),0.041157632
512,relu,float16,MLP,Forward Time (ms),0.23439359664916992
512,relu,float16,MLP,Backward Time (ms),1.0215231895446777
512,relu,float16,MLP,Forward Peak Memory (GB),0.026477056
512,relu,float16,MLP,Backward Peak Memory (GB),0.030671872
512,relu,float16,PreCompiledMLP,Forward Time (ms),0.5175327777862548
512,relu,float16,PreCompiledMLP,Backward Time (ms),0.9634560108184815
512,relu,float16,PreCompiledMLP,Forward Peak Memory (GB),0.024904192
512,relu,float16,PreCompiledMLP,Backward Peak Memory (GB),0.029099008
512,relu,bfloat16,MLP,Forward Time (ms),0.24531199932098388
512,relu,bfloat16,MLP,Backward Time (ms),1.0147168397903443
512,relu,bfloat16,MLP,Forward Peak Memory (GB),0.026477056
512,relu,bfloat16,MLP,Backward Peak Memory (GB),0.030671872
512,relu,bfloat16,PreCompiledMLP,Forward Time (ms),0.4812960147857666
512,relu,bfloat16,PreCompiledMLP,Backward Time (ms),1.1779935359954834
512,relu,bfloat16,PreCompiledMLP,Forward Peak Memory (GB),0.024904192
512,relu,bfloat16,PreCompiledMLP,Backward Peak Memory (GB),0.029099008
512,relu2,float32,MLP,Forward Time (ms),0.3412992000579834
512,relu2,float32,MLP,Backward Time (ms),1.2663551807403564
512,relu2,float32,MLP,Forward Peak Memory (GB),0.044302848
512,relu2,float32,MLP,Backward Peak Memory (GB),0.056886272
512,relu2,float32,PreCompiledMLP,Forward Time (ms),0.5201600074768067
512,relu2,float32,PreCompiledMLP,Backward Time (ms),1.0831456184387207
512,relu2,float32,PreCompiledMLP,Forward Peak Memory (GB),0.036962816
512,relu2,float32,PreCompiledMLP,Backward Peak Memory (GB),0.041157632
512,relu2,float16,MLP,Forward Time (ms),0.35243520736694334
512,relu2,float16,MLP,Backward Time (ms),1.3866400718688965
512,relu2,float16,MLP,Forward Peak Memory (GB),0.03067136
512,relu2,float16,MLP,Backward Peak Memory (GB),0.036963328
512,relu2,float16,PreCompiledMLP,Forward Time (ms),0.5040128231048584
512,relu2,float16,PreCompiledMLP,Backward Time (ms),0.9402080059051514
512,relu2,float16,PreCompiledMLP,Forward Peak Memory (GB),0.027001344
512,relu2,float16,PreCompiledMLP,Backward Peak Memory (GB),0.029099008
512,relu2,bfloat16,MLP,Forward Time (ms),0.34498560428619385
512,relu2,bfloat16,MLP,Backward Time (ms),1.362326407432556
512,relu2,bfloat16,MLP,Forward Peak Memory (GB),0.03067136
512,relu2,bfloat16,MLP,Backward Peak Memory (GB),0.036963328
512,relu2,bfloat16,PreCompiledMLP,Forward Time (ms),0.4616896152496338
512,relu2,bfloat16,PreCompiledMLP,Backward Time (ms),0.8889855861663819
512,relu2,bfloat16,PreCompiledMLP,Forward Peak Memory (GB),0.027001344
512,relu2,bfloat16,PreCompiledMLP,Backward Peak Memory (GB),0.029099008
512,silu,float32,MLP,Forward Time (ms),0.24776639938354492
512,silu,float32,MLP,Backward Time (ms),0.9893919944763184
512,silu,float32,MLP,Forward Peak Memory (GB),0.036962816
512,silu,float32,MLP,Backward Peak Memory (GB),0.045351936
512,silu,float32,PreCompiledMLP,Forward Time (ms),0.5378047943115234
512,silu,float32,PreCompiledMLP,Backward Time (ms),1.0461184501647949
512,silu,float32,PreCompiledMLP,Forward Peak Memory (GB),0.036962816
512,silu,float32,PreCompiledMLP,Backward Peak Memory (GB),0.041157632
512,silu,float16,MLP,Forward Time (ms),0.23548479080200196
512,silu,float16,MLP,Backward Time (ms),0.979593563079834
512,silu,float16,MLP,Forward Peak Memory (GB),0.027001344
512,silu,float16,MLP,Backward Peak Memory (GB),0.03119616
512,silu,float16,PreCompiledMLP,Forward Time (ms),0.3137120008468628
512,silu,float16,PreCompiledMLP,Backward Time (ms),1.035100769996643
512,silu,float16,PreCompiledMLP,Forward Peak Memory (GB),0.027001344
512,silu,float16,PreCompiledMLP,Backward Peak Memory (GB),0.029099008
512,silu,bfloat16,MLP,Forward Time (ms),0.2385727882385254
512,silu,bfloat16,MLP,Backward Time (ms),0.9572544097900391
512,silu,bfloat16,MLP,Forward Peak Memory (GB),0.027001344
512,silu,bfloat16,MLP,Backward Peak Memory (GB),0.03119616
512,silu,bfloat16,PreCompiledMLP,Forward Time (ms),0.4619232177734375
512,silu,bfloat16,PreCompiledMLP,Backward Time (ms),0.9609631538391114
512,silu,bfloat16,PreCompiledMLP,Forward Peak Memory (GB),0.027001344
512,silu,bfloat16,PreCompiledMLP,Backward Peak Memory (GB),0.029099008
1024,relu,float32,MLP,Forward Time (ms),0.3704832077026367
1024,relu,float32,MLP,Backward Time (ms),0.7462911605834961
1024,relu,float32,MLP,Forward Peak Memory (GB),0.071565824
1024,relu,float32,MLP,Backward Peak Memory (GB),0.09673216
1024,relu,float32,PreCompiledMLP,Forward Time (ms),0.4949920177459717
1024,relu,float32,PreCompiledMLP,Backward Time (ms),1.2259199619293213
1024,relu,float32,PreCompiledMLP,Forward Peak Memory (GB),0.065274368
1024,relu,float32,PreCompiledMLP,Backward Peak Memory (GB),0.09673216
1024,relu,float16,MLP,Forward Time (ms),0.19311360120773316
1024,relu,float16,MLP,Backward Time (ms),0.8350879788398743
1024,relu,float16,MLP,Forward Peak Memory (GB),0.044302848
1024,relu,float16,MLP,Backward Peak Memory (GB),0.056886272
1024,relu,float16,PreCompiledMLP,Forward Time (ms),0.5126399993896484
1024,relu,float16,PreCompiledMLP,Backward Time (ms),1.0452639579772949
1024,relu,float16,PreCompiledMLP,Forward Peak Memory (GB),0.04115712
1024,relu,float16,PreCompiledMLP,Backward Peak Memory (GB),0.056886272
1024,relu,bfloat16,MLP,Forward Time (ms),0.19262080192565917
1024,relu,bfloat16,MLP,Backward Time (ms),0.790121603012085
1024,relu,bfloat16,MLP,Forward Peak Memory (GB),0.044302848
1024,relu,bfloat16,MLP,Backward Peak Memory (GB),0.056886272
1024,relu,bfloat16,PreCompiledMLP,Forward Time (ms),0.5043200016021728
1024,relu,bfloat16,PreCompiledMLP,Backward Time (ms),1.026867151260376
1024,relu,bfloat16,PreCompiledMLP,Forward Peak Memory (GB),0.04115712
1024,relu,bfloat16,PreCompiledMLP,Backward Peak Memory (GB),0.056886272
1024,relu2,float32,MLP,Forward Time (ms),0.39590399265289306
1024,relu2,float32,MLP,Backward Time (ms),1.0742527723312378
1024,relu2,float32,MLP,Forward Peak Memory (GB),0.08834304
1024,relu2,float32,MLP,Backward Peak Memory (GB),0.121897984
1024,relu2,float32,PreCompiledMLP,Forward Time (ms),0.41457600593566896
1024,relu2,float32,PreCompiledMLP,Backward Time (ms),0.986687994003296
1024,relu2,float32,PreCompiledMLP,Forward Peak Memory (GB),0.073662976
1024,relu2,float32,PreCompiledMLP,Backward Peak Memory (GB),0.09673216
1024,relu2,float16,MLP,Forward Time (ms),0.22476799488067628
1024,relu2,float16,MLP,Backward Time (ms),1.1084800481796264
1024,relu2,float16,MLP,Forward Peak Memory (GB),0.052691456
1024,relu2,float16,MLP,Backward Peak Memory (GB),0.069469184
1024,relu2,float16,PreCompiledMLP,Forward Time (ms),0.550822401046753
1024,relu2,float16,PreCompiledMLP,Backward Time (ms),0.7720832347869874
1024,relu2,float16,PreCompiledMLP,Forward Peak Memory (GB),0.045351424
1024,relu2,float16,PreCompiledMLP,Backward Peak Memory (GB),0.056886272
1024,relu2,bfloat16,MLP,Forward Time (ms),0.2233344078063965
1024,relu2,bfloat16,MLP,Backward Time (ms),1.1118720054626463
1024,relu2,bfloat16,MLP,Forward Peak Memory (GB),0.052691456
1024,relu2,bfloat16,MLP,Backward Peak Memory (GB),0.069469184
1024,relu2,bfloat16,PreCompiledMLP,Forward Time (ms),0.41390080451965333
1024,relu2,bfloat16,PreCompiledMLP,Backward Time (ms),0.9844735622406007
1024,relu2,bfloat16,PreCompiledMLP,Forward Peak Memory (GB),0.045351424
1024,relu2,bfloat16,PreCompiledMLP,Backward Peak Memory (GB),0.056886272
1024,silu,float32,MLP,Forward Time (ms),0.36925439834594725
1024,silu,float32,MLP,Backward Time (ms),0.7716863632202149
1024,silu,float32,MLP,Forward Peak Memory (GB),0.073662976
1024,silu,float32,MLP,Backward Peak Memory (GB),0.098829312
1024,silu,float32,PreCompiledMLP,Forward Time (ms),0.46404480934143066
1024,silu,float32,PreCompiledMLP,Backward Time (ms),1.244601583480835
1024,silu,float32,PreCompiledMLP,Forward Peak Memory (GB),0.073662976
1024,silu,float32,PreCompiledMLP,Backward Peak Memory (GB),0.09673216
1024,silu,float16,MLP,Forward Time (ms),0.19189759492874145
1024,silu,float16,MLP,Backward Time (ms),0.7843840479850769
1024,silu,float16,MLP,Forward Peak Memory (GB),0.045351424
1024,silu,float16,MLP,Backward Peak Memory (GB),0.057934848
1024,silu,float16,PreCompiledMLP,Forward Time (ms),0.521011209487915
1024,silu,float16,PreCompiledMLP,Backward Time (ms),0.9884479999542236
1024,silu,float16,PreCompiledMLP,Forward Peak Memory (GB),0.045351424
1024,silu,float16,PreCompiledMLP,Backward Peak Memory (GB),0.056886272
1024,silu,bfloat16,MLP,Forward Time (ms),0.18995200395584105
1024,silu,bfloat16,MLP,Backward Time (ms),0.7836671710014342
1024,silu,bfloat16,MLP,Forward Peak Memory (GB),0.045351424
1024,silu,bfloat16,MLP,Backward Peak Memory (GB),0.057934848
1024,silu,bfloat16,PreCompiledMLP,Forward Time (ms),0.32573440074920657
1024,silu,bfloat16,PreCompiledMLP,Backward Time (ms),0.9975808382034302
1024,silu,bfloat16,PreCompiledMLP,Forward Peak Memory (GB),0.045351424
1024,silu,bfloat16,PreCompiledMLP,Backward Peak Memory (GB),0.056886272
2048,relu,float32,MLP,Forward Time (ms),1.3245216369628907
2048,relu,float32,MLP,Backward Time (ms),2.885961532592773
2048,relu,float32,MLP,Forward Peak Memory (GB),0.19320064
2048,relu,float32,MLP,Backward Peak Memory (GB),0.310641664
2048,relu,float32,PreCompiledMLP,Forward Time (ms),1.2111871719360352
2048,relu,float32,PreCompiledMLP,Backward Time (ms),2.6890241622924806
2048,relu,float32,PreCompiledMLP,Forward Peak Memory (GB),0.180617728
2048,relu,float32,PreCompiledMLP,Backward Peak Memory (GB),0.310641664
2048,relu,float16,MLP,Forward Time (ms),0.5824512004852295
2048,relu,float16,MLP,Backward Time (ms),1.290956735610962
2048,relu,float16,MLP,Forward Peak Memory (GB),0.105120256
2048,relu,float16,MLP,Backward Peak Memory (GB),0.163841024
2048,relu,float16,PreCompiledMLP,Forward Time (ms),0.6667263984680176
2048,relu,float16,PreCompiledMLP,Backward Time (ms),1.3660000801086427
2048,relu,float16,PreCompiledMLP,Forward Peak Memory (GB),0.0988288
2048,relu,float16,PreCompiledMLP,Backward Peak Memory (GB),0.163841024
2048,relu,bfloat16,MLP,Forward Time (ms),0.6114048004150391
2048,relu,bfloat16,MLP,Backward Time (ms),1.3367551803588866
2048,relu,bfloat16,MLP,Forward Peak Memory (GB),0.105120256
2048,relu,bfloat16,MLP,Backward Peak Memory (GB),0.163841024
2048,relu,bfloat16,PreCompiledMLP,Forward Time (ms),0.6334464073181152
2048,relu,bfloat16,PreCompiledMLP,Backward Time (ms),1.3294400215148927
2048,relu,bfloat16,PreCompiledMLP,Forward Peak Memory (GB),0.0988288
2048,relu,bfloat16,PreCompiledMLP,Backward Peak Memory (GB),0.163841024
2048,relu2,float32,MLP,Forward Time (ms),1.2789759635925293
2048,relu2,float32,MLP,Backward Time (ms),3.0101506233215334
2048,relu2,float32,MLP,Forward Peak Memory (GB),0.226755072
2048,relu2,float32,MLP,Backward Peak Memory (GB),0.32741888
2048,relu2,float32,PreCompiledMLP,Forward Time (ms),1.215078353881836
2048,relu2,float32,PreCompiledMLP,Backward Time (ms),2.6840065002441404
2048,relu2,float32,PreCompiledMLP,Forward Peak Memory (GB),0.197394944
2048,relu2,float32,PreCompiledMLP,Backward Peak Memory (GB),0.310641664
2048,relu2,float16,MLP,Forward Time (ms),0.6052000045776367
2048,relu2,float16,MLP,Backward Time (ms),1.3799264907836915
2048,relu2,float16,MLP,Forward Peak Memory (GB),0.121897472
2048,relu2,float16,MLP,Backward Peak Memory (GB),0.172229632
2048,relu2,float16,PreCompiledMLP,Forward Time (ms),0.6580063819885253
2048,relu2,float16,PreCompiledMLP,Backward Time (ms),1.357702350616455
2048,relu2,float16,PreCompiledMLP,Forward Peak Memory (GB),0.107217408
2048,relu2,float16,PreCompiledMLP,Backward Peak Memory (GB),0.163841024
2048,relu2,bfloat16,MLP,Forward Time (ms),0.630457592010498
2048,relu2,bfloat16,MLP,Backward Time (ms),1.419692897796631
2048,relu2,bfloat16,MLP,Forward Peak Memory (GB),0.121897472
2048,relu2,bfloat16,MLP,Backward Peak Memory (GB),0.172229632
2048,relu2,bfloat16,PreCompiledMLP,Forward Time (ms),0.6304768085479736
2048,relu2,bfloat16,PreCompiledMLP,Backward Time (ms),1.319935941696167
2048,relu2,bfloat16,PreCompiledMLP,Forward Peak Memory (GB),0.107217408
2048,relu2,bfloat16,PreCompiledMLP,Backward Peak Memory (GB),0.163841024
2048,silu,float32,MLP,Forward Time (ms),1.325260829925537
2048,silu,float32,MLP,Backward Time (ms),2.887270450592041
2048,silu,float32,MLP,Forward Peak Memory (GB),0.197394944
2048,silu,float32,MLP,Backward Peak Memory (GB),0.310641664
2048,silu,float32,PreCompiledMLP,Forward Time (ms),1.3417471885681151
2048,silu,float32,PreCompiledMLP,Backward Time (ms),2.860236835479736
2048,silu,float32,PreCompiledMLP,Forward Peak Memory (GB),0.197394944
2048,silu,float32,PreCompiledMLP,Backward Peak Memory (GB),0.310641664
2048,silu,float16,MLP,Forward Time (ms),0.6446080207824707
2048,silu,float16,MLP,Backward Time (ms),1.389158344268799
2048,silu,float16,MLP,Forward Peak Memory (GB),0.107217408
2048,silu,float16,MLP,Backward Peak Memory (GB),0.163841024
2048,silu,float16,PreCompiledMLP,Forward Time (ms),0.6611936092376709
2048,silu,float16,PreCompiledMLP,Backward Time (ms),1.3553823947906496
2048,silu,float16,PreCompiledMLP,Forward Peak Memory (GB),0.107217408
2048,silu,float16,PreCompiledMLP,Backward Peak Memory (GB),0.163841024
2048,silu,bfloat16,MLP,Forward Time (ms),0.6252287864685059
2048,silu,bfloat16,MLP,Backward Time (ms),1.3528319358825684
2048,silu,bfloat16,MLP,Forward Peak Memory (GB),0.107217408
2048,silu,bfloat16,MLP,Backward Peak Memory (GB),0.163841024
2048,silu,bfloat16,PreCompiledMLP,Forward Time (ms),0.6446080207824707
2048,silu,bfloat16,PreCompiledMLP,Backward Time (ms),1.3378783226013184
2048,silu,bfloat16,PreCompiledMLP,Forward Peak Memory (GB),0.107217408
2048,silu,bfloat16,PreCompiledMLP,Backward Peak Memory (GB),0.163841024
