dim,hidden_mult,activation,dtype,fp8,class,device,measurement,value
128,2,relu,float32,False,MLP,mps,Forward Time (ms),0.2572875004261732
128,2,relu,float32,False,MLP,mps,Backward Time (ms),0.7007082982454449
128,2,relu,float32,False,PreCompiledMLP,mps,Forward Time (ms),0.23236250272020698
128,2,relu,float32,False,PreCompiledMLP,mps,Backward Time (ms),0.589487497927621
128,2,relu,float16,False,MLP,mps,Forward Time (ms),0.2730167005211115
128,2,relu,float16,False,MLP,mps,Backward Time (ms),0.7824875006917864
128,2,relu,float16,False,PreCompiledMLP,mps,Forward Time (ms),0.2539374982006848
128,2,relu,float16,False,PreCompiledMLP,mps,Backward Time (ms),0.6665833003353328
128,2,relu,bfloat16,False,MLP,mps,Forward Time (ms),0.30455830274149776
128,2,relu,bfloat16,False,MLP,mps,Backward Time (ms),0.722929195035249
128,2,relu,bfloat16,False,PreCompiledMLP,mps,Forward Time (ms),0.25687909801490605
128,2,relu,bfloat16,False,PreCompiledMLP,mps,Backward Time (ms),0.5393626051954925
128,2,relu2,float32,False,MLP,mps,Forward Time (ms),0.2906665962655097
128,2,relu2,float32,False,MLP,mps,Backward Time (ms),1.0114043019711971
128,2,relu2,float32,False,PreCompiledMLP,mps,Forward Time (ms),0.24420839617960155
128,2,relu2,float32,False,PreCompiledMLP,mps,Backward Time (ms),0.5088541016448289
128,2,relu2,float16,False,MLP,mps,Forward Time (ms),0.37012919783592224
128,2,relu2,float16,False,MLP,mps,Backward Time (ms),0.916116702137515
128,2,relu2,float16,False,PreCompiledMLP,mps,Forward Time (ms),0.25102910003624856
128,2,relu2,float16,False,PreCompiledMLP,mps,Backward Time (ms),0.5699167028069496
128,2,relu2,bfloat16,False,MLP,mps,Forward Time (ms),0.6336999998893589
128,2,relu2,bfloat16,False,MLP,mps,Backward Time (ms),0.7204374996945262
128,2,relu2,bfloat16,False,PreCompiledMLP,mps,Forward Time (ms),0.27550000231713057
128,2,relu2,bfloat16,False,PreCompiledMLP,mps,Backward Time (ms),0.5482791981194168
128,2,silu,float32,False,MLP,mps,Forward Time (ms),0.21678750053979456
128,2,silu,float32,False,MLP,mps,Backward Time (ms),0.5144124967046082
128,2,silu,float32,False,PreCompiledMLP,mps,Forward Time (ms),0.19927080138586462
128,2,silu,float32,False,PreCompiledMLP,mps,Backward Time (ms),0.47054170281626284
128,2,silu,float16,False,MLP,mps,Forward Time (ms),0.26448339922353625
128,2,silu,float16,False,MLP,mps,Backward Time (ms),0.6842458038590848
128,2,silu,float16,False,PreCompiledMLP,mps,Forward Time (ms),0.242079101735726
128,2,silu,float16,False,PreCompiledMLP,mps,Backward Time (ms),0.5253625975456089
128,2,silu,bfloat16,False,MLP,mps,Forward Time (ms),0.26188750052824616
128,2,silu,bfloat16,False,MLP,mps,Backward Time (ms),0.5555541021749377
128,2,silu,bfloat16,False,PreCompiledMLP,mps,Forward Time (ms),0.33875409862957895
128,2,silu,bfloat16,False,PreCompiledMLP,mps,Backward Time (ms),0.85916260140948
128,4,relu,float32,False,MLP,mps,Forward Time (ms),0.48059580149129033
128,4,relu,float32,False,MLP,mps,Backward Time (ms),1.305783400312066
128,4,relu,float32,False,PreCompiledMLP,mps,Forward Time (ms),0.32231250079348683
128,4,relu,float32,False,PreCompiledMLP,mps,Backward Time (ms),0.5014666996430606
128,4,relu,float16,False,MLP,mps,Forward Time (ms),0.3361624956596643
128,4,relu,float16,False,MLP,mps,Backward Time (ms),0.5350666062440723
128,4,relu,float16,False,PreCompiledMLP,mps,Forward Time (ms),0.3394500003196299
128,4,relu,float16,False,PreCompiledMLP,mps,Backward Time (ms),0.5229041969869286
128,4,relu,bfloat16,False,MLP,mps,Forward Time (ms),0.7620374963153154
128,4,relu,bfloat16,False,MLP,mps,Backward Time (ms),0.5057709000539035
128,4,relu,bfloat16,False,PreCompiledMLP,mps,Forward Time (ms),0.2756333036813885
128,4,relu,bfloat16,False,PreCompiledMLP,mps,Backward Time (ms),0.4608166986145079
128,4,relu2,float32,False,MLP,mps,Forward Time (ms),0.3922042029444128
128,4,relu2,float32,False,MLP,mps,Backward Time (ms),0.7175165927037597
128,4,relu2,float32,False,PreCompiledMLP,mps,Forward Time (ms),0.9385874960571527
128,4,relu2,float16,False,MLP,mps,Forward Time (ms),0.836874998640269
128,4,relu2,float16,False,MLP,mps,Backward Time (ms),0.3738374973181635
128,4,relu2,float16,False,PreCompiledMLP,mps,Forward Time (ms),0.24239590275101364
128,4,relu2,float16,False,PreCompiledMLP,mps,Backward Time (ms),0.4608249990269542
128,4,relu2,bfloat16,False,MLP,mps,Forward Time (ms),0.6041000015102327
128,4,relu2,bfloat16,False,MLP,mps,Backward Time (ms),0.6872583006042987
128,4,relu2,bfloat16,False,PreCompiledMLP,mps,Forward Time (ms),0.401466601761058
128,4,relu2,bfloat16,False,PreCompiledMLP,mps,Backward Time (ms),0.417112500872463
128,4,silu,float32,False,MLP,mps,Forward Time (ms),0.33799170050770044
128,4,silu,float32,False,MLP,mps,Backward Time (ms),0.45194170088507235
128,4,silu,float32,False,PreCompiledMLP,mps,Forward Time (ms),0.35648749908432364
128,4,silu,float32,False,PreCompiledMLP,mps,Backward Time (ms),0.6091791030485183
128,4,silu,float16,False,MLP,mps,Forward Time (ms),0.9690499980933964
128,4,silu,float16,False,MLP,mps,Backward Time (ms),0.0031542032957077026
128,4,silu,float16,False,PreCompiledMLP,mps,Forward Time (ms),0.25227919686585665
128,4,silu,float16,False,PreCompiledMLP,mps,Backward Time (ms),0.4516833054367453
128,4,silu,bfloat16,False,MLP,mps,Forward Time (ms),0.6428874970879406
128,4,silu,bfloat16,False,MLP,mps,Backward Time (ms),0.4359083075542003
128,4,silu,bfloat16,False,PreCompiledMLP,mps,Forward Time (ms),0.43040000018663704
128,4,silu,bfloat16,False,PreCompiledMLP,mps,Backward Time (ms),0.3900625044479966
128,8,relu,float32,False,MLP,mps,Forward Time (ms),0.5715042003430426
128,8,relu,float32,False,MLP,mps,Backward Time (ms),1.7685708007775247
128,8,relu,float32,False,PreCompiledMLP,mps,Forward Time (ms),0.6034207995980978
128,8,relu,float32,False,PreCompiledMLP,mps,Backward Time (ms),0.7253332994878292
128,8,relu,float16,False,MLP,mps,Forward Time (ms),0.42623329791240394
128,8,relu,float16,False,MLP,mps,Backward Time (ms),0.5663792020641267
128,8,relu,float16,False,PreCompiledMLP,mps,Forward Time (ms),0.435225002001971
128,8,relu,float16,False,PreCompiledMLP,mps,Backward Time (ms),0.7119666959624738
128,8,relu,bfloat16,False,MLP,mps,Forward Time (ms),0.5243791965767741
128,8,relu,bfloat16,False,MLP,mps,Backward Time (ms),0.7032166002318263
128,8,relu,bfloat16,False,PreCompiledMLP,mps,Forward Time (ms),0.8193540968932211
128,8,relu,bfloat16,False,PreCompiledMLP,mps,Backward Time (ms),0.8852418046444654
128,8,relu2,float32,False,MLP,mps,Forward Time (ms),0.6447374995332211
128,8,relu2,float32,False,MLP,mps,Backward Time (ms),0.8210208034142852
128,8,relu2,float32,False,PreCompiledMLP,mps,Forward Time (ms),0.48985829926095903
128,8,relu2,float32,False,PreCompiledMLP,mps,Backward Time (ms),0.6296751031186432
128,8,relu2,float16,False,MLP,mps,Forward Time (ms),0.5194124998524785
128,8,relu2,float16,False,MLP,mps,Backward Time (ms),0.9755291976034641
128,8,relu2,float16,False,PreCompiledMLP,mps,Forward Time (ms),0.3688917029649019
128,8,relu2,float16,False,PreCompiledMLP,mps,Backward Time (ms),1.1551957984920591
128,8,relu2,bfloat16,False,MLP,mps,Forward Time (ms),0.6698082957882434
128,8,relu2,bfloat16,False,MLP,mps,Backward Time (ms),0.8676792029291391
128,8,relu2,bfloat16,False,PreCompiledMLP,mps,Forward Time (ms),0.7341999968048185
128,8,relu2,bfloat16,False,PreCompiledMLP,mps,Backward Time (ms),4.574908397626132
128,8,silu,float32,False,MLP,mps,Forward Time (ms),0.8193916990421712
128,8,silu,float32,False,MLP,mps,Backward Time (ms),0.6000373978167772
128,8,silu,float32,False,PreCompiledMLP,mps,Forward Time (ms),0.6866958981845528
128,8,silu,float32,False,PreCompiledMLP,mps,Backward Time (ms),1.338266598759219
128,8,silu,float16,False,MLP,mps,Forward Time (ms),1.081070798682049
128,8,silu,float16,False,MLP,mps,Backward Time (ms),3.0272250005509704
128,8,silu,float16,False,PreCompiledMLP,mps,Forward Time (ms),1.0884666990023106
128,8,silu,float16,False,PreCompiledMLP,mps,Backward Time (ms),3.150183305842802
128,8,silu,bfloat16,False,MLP,mps,Forward Time (ms),1.0452999966219068
128,8,silu,bfloat16,False,MLP,mps,Backward Time (ms),1.0092875047121197
128,8,silu,bfloat16,False,PreCompiledMLP,mps,Forward Time (ms),0.5539665988180786
128,8,silu,bfloat16,False,PreCompiledMLP,mps,Backward Time (ms),0.8116167038679123
512,2,relu,float32,False,MLP,mps,Forward Time (ms),1.5547916002105922
512,2,relu,float32,False,MLP,mps,Backward Time (ms),3.618804196594283
512,2,relu,float32,False,PreCompiledMLP,mps,Forward Time (ms),1.2136542005464435
512,2,relu,float32,False,PreCompiledMLP,mps,Backward Time (ms),2.219737396808341
512,2,relu,float16,False,MLP,mps,Forward Time (ms),1.3758665998466313
512,2,relu,float16,False,MLP,mps,Backward Time (ms),1.6600458999164402
512,2,relu,float16,False,PreCompiledMLP,mps,Forward Time (ms),3.9480916981119663
512,2,relu,float16,False,PreCompiledMLP,mps,Backward Time (ms),0.9902374993544072
512,2,relu,bfloat16,False,MLP,mps,Forward Time (ms),1.3055916992016137
512,2,relu,bfloat16,False,MLP,mps,Backward Time (ms),2.059379097772762
512,2,relu,bfloat16,False,PreCompiledMLP,mps,Forward Time (ms),1.267733401618898
512,2,relu,bfloat16,False,PreCompiledMLP,mps,Backward Time (ms),1.8411707947961986
512,2,relu2,float32,False,MLP,mps,Forward Time (ms),0.9765999973751605
512,2,relu2,float32,False,MLP,mps,Backward Time (ms),1.5997666982002556
512,2,relu2,float32,False,PreCompiledMLP,mps,Forward Time (ms),0.8776624978054315
512,2,relu2,float32,False,PreCompiledMLP,mps,Backward Time (ms),1.4090250013396144
512,2,relu2,float16,False,MLP,mps,Forward Time (ms),1.1995333014056087
512,2,relu2,float16,False,MLP,mps,Backward Time (ms),1.6727042035199702
512,2,relu2,float16,False,PreCompiledMLP,mps,Forward Time (ms),1.0627458977978677
512,2,relu2,float16,False,PreCompiledMLP,mps,Backward Time (ms),1.441116601927206
512,2,relu2,bfloat16,False,MLP,mps,Forward Time (ms),1.7400500015355647
512,2,relu2,bfloat16,False,MLP,mps,Backward Time (ms),3.0074332957156003
512,2,relu2,bfloat16,False,PreCompiledMLP,mps,Forward Time (ms),2.693095797440037
512,2,relu2,bfloat16,False,PreCompiledMLP,mps,Backward Time (ms),2.1241042006295174
512,2,silu,float32,False,MLP,mps,Forward Time (ms),1.5383374993689358
512,2,silu,float32,False,MLP,mps,Backward Time (ms),2.210775000276044
512,2,silu,float32,False,PreCompiledMLP,mps,Forward Time (ms),1.070449996041134
512,2,silu,float32,False,PreCompiledMLP,mps,Backward Time (ms),2.406600007088855
512,2,silu,float16,False,MLP,mps,Forward Time (ms),1.694408303592354
512,2,silu,float16,False,MLP,mps,Backward Time (ms),1.7621041974052787
512,2,silu,float16,False,PreCompiledMLP,mps,Forward Time (ms),1.0462917038239539
512,2,silu,float16,False,PreCompiledMLP,mps,Backward Time (ms),1.5427082951646298
512,2,silu,bfloat16,False,MLP,mps,Forward Time (ms),1.6893249994609505
512,2,silu,bfloat16,False,MLP,mps,Backward Time (ms),2.6292124995961785
512,2,silu,bfloat16,False,PreCompiledMLP,mps,Forward Time (ms),1.531245798105374
512,2,silu,bfloat16,False,PreCompiledMLP,mps,Backward Time (ms),2.4462042027153075
512,4,relu,float32,False,MLP,mps,Forward Time (ms),1.5718583017587662
512,4,relu,float32,False,MLP,mps,Backward Time (ms),3.5676958970725536
512,4,relu,float32,False,PreCompiledMLP,mps,Forward Time (ms),1.6262417018879205
512,4,relu,float32,False,PreCompiledMLP,mps,Backward Time (ms),3.168020799057558
512,4,relu,float16,False,MLP,mps,Forward Time (ms),1.8690374970901757
512,4,relu,float16,False,MLP,mps,Backward Time (ms),3.294070903211832
512,4,relu,float16,False,PreCompiledMLP,mps,Forward Time (ms),1.7213749990332872
512,4,relu,float16,False,PreCompiledMLP,mps,Backward Time (ms),3.4610375005286187
512,4,relu,bfloat16,False,MLP,mps,Forward Time (ms),2.906824997626245
512,4,relu,bfloat16,False,MLP,mps,Backward Time (ms),5.442416702862829
512,4,relu,bfloat16,False,PreCompiledMLP,mps,Forward Time (ms),2.694758301367983
512,4,relu,bfloat16,False,PreCompiledMLP,mps,Backward Time (ms),5.00480419723317
512,4,relu2,float32,False,MLP,mps,Forward Time (ms),1.9569583993870765
512,4,relu2,float32,False,MLP,mps,Backward Time (ms),3.714674897491932
512,4,relu2,float32,False,PreCompiledMLP,mps,Forward Time (ms),1.633570803096518
512,4,relu2,float32,False,PreCompiledMLP,mps,Backward Time (ms),3.1859375012572855
512,4,relu2,float16,False,MLP,mps,Forward Time (ms),2.245487499749288
512,4,relu2,float16,False,MLP,mps,Backward Time (ms),3.5625499964226037
512,4,relu2,float16,False,PreCompiledMLP,mps,Forward Time (ms),1.7434584035072476
512,4,relu2,float16,False,PreCompiledMLP,mps,Backward Time (ms),3.0656581977382302
512,4,relu2,bfloat16,False,MLP,mps,Forward Time (ms),3.4836208971682936
512,4,relu2,bfloat16,False,MLP,mps,Backward Time (ms),6.265087402425706
512,4,relu2,bfloat16,False,PreCompiledMLP,mps,Forward Time (ms),2.8236999991349876
512,4,relu2,bfloat16,False,PreCompiledMLP,mps,Backward Time (ms),5.214233405422419
512,4,silu,float32,False,MLP,mps,Forward Time (ms),1.7753584019374102
512,4,silu,float32,False,MLP,mps,Backward Time (ms),3.280895797070116
512,4,silu,float32,False,PreCompiledMLP,mps,Forward Time (ms),1.5647999942302704
512,4,silu,float32,False,PreCompiledMLP,mps,Backward Time (ms),3.042812505736947
512,4,silu,float16,False,MLP,mps,Forward Time (ms),1.9057500001508743
512,4,silu,float16,False,MLP,mps,Backward Time (ms),3.135858301538974
512,4,silu,float16,False,PreCompiledMLP,mps,Forward Time (ms),1.814562501385808
512,4,silu,float16,False,PreCompiledMLP,mps,Backward Time (ms),2.900804200908169
512,4,silu,bfloat16,False,MLP,mps,Forward Time (ms),2.8973624983336776
512,4,silu,bfloat16,False,MLP,mps,Backward Time (ms),7.2737416019663215
512,4,silu,bfloat16,False,PreCompiledMLP,mps,Forward Time (ms),3.0649833963252604
512,4,silu,bfloat16,False,PreCompiledMLP,mps,Backward Time (ms),5.3492166043724865
512,8,relu,float32,False,MLP,mps,Forward Time (ms),3.5360999987460673
512,8,relu,float32,False,MLP,mps,Backward Time (ms),7.039062504190952
512,8,relu,float32,False,PreCompiledMLP,mps,Forward Time (ms),3.6884750006720424
512,8,relu,float32,False,PreCompiledMLP,mps,Backward Time (ms),6.338362500537187
512,8,relu,float16,False,MLP,mps,Forward Time (ms),3.8035667035728693
512,8,relu,float16,False,MLP,mps,Backward Time (ms),6.747333297971636
512,8,relu,float16,False,PreCompiledMLP,mps,Forward Time (ms),3.146633302094415
512,8,relu,float16,False,PreCompiledMLP,mps,Backward Time (ms),5.823220894671977
512,8,relu,bfloat16,False,MLP,mps,Forward Time (ms),5.599362496286631
512,8,relu,bfloat16,False,MLP,mps,Backward Time (ms),10.351937502855435
512,8,relu,bfloat16,False,PreCompiledMLP,mps,Forward Time (ms),4.95570829953067
512,8,relu,bfloat16,False,PreCompiledMLP,mps,Backward Time (ms),9.11098339711316
512,8,relu2,float32,False,MLP,mps,Forward Time (ms),3.9708750031422824
512,8,relu2,float32,False,MLP,mps,Backward Time (ms),7.265929196728393
512,8,relu2,float32,False,PreCompiledMLP,mps,Forward Time (ms),3.074041596846655
512,8,relu2,float32,False,PreCompiledMLP,mps,Backward Time (ms),5.945237603737041
512,8,relu2,float16,False,MLP,mps,Forward Time (ms),4.292712500318885
512,8,relu2,float16,False,MLP,mps,Backward Time (ms),7.242366700666025
512,8,relu2,float16,False,PreCompiledMLP,mps,Forward Time (ms),3.091291699092835
512,8,relu2,float16,False,PreCompiledMLP,mps,Backward Time (ms),5.763866699999198
512,8,relu2,bfloat16,False,MLP,mps,Forward Time (ms),6.585445802193135
512,8,relu2,bfloat16,False,MLP,mps,Backward Time (ms),11.359516700031236
512,8,relu2,bfloat16,False,PreCompiledMLP,mps,Forward Time (ms),5.077162501402199
512,8,relu2,bfloat16,False,PreCompiledMLP,mps,Backward Time (ms),9.100379195297137
512,8,silu,float32,False,MLP,mps,Forward Time (ms),3.0612333968747407
512,8,silu,float32,False,MLP,mps,Backward Time (ms),5.9825583070050925
512,8,silu,float32,False,PreCompiledMLP,mps,Forward Time (ms),3.1916958978399634
512,8,silu,float32,False,PreCompiledMLP,mps,Backward Time (ms),6.0807415982708335
512,8,silu,float16,False,MLP,mps,Forward Time (ms),3.7027457961812615
512,8,silu,float16,False,MLP,mps,Backward Time (ms),6.205929204588756
512,8,silu,float16,False,PreCompiledMLP,mps,Forward Time (ms),3.1007208046503365
512,8,silu,float16,False,PreCompiledMLP,mps,Backward Time (ms),5.62965419376269
512,8,silu,bfloat16,False,MLP,mps,Forward Time (ms),5.794779199641198
512,8,silu,bfloat16,False,MLP,mps,Backward Time (ms),10.311487497529015
512,8,silu,bfloat16,False,PreCompiledMLP,mps,Forward Time (ms),5.01007079728879
512,8,silu,bfloat16,False,PreCompiledMLP,mps,Backward Time (ms),9.089954203227535
1024,2,relu,float32,False,MLP,mps,Forward Time (ms),2.7262582967523485
1024,2,relu,float32,False,MLP,mps,Backward Time (ms),6.077395903412253
1024,2,relu,float32,False,PreCompiledMLP,mps,Forward Time (ms),2.684579201741144
1024,2,relu,float32,False,PreCompiledMLP,mps,Backward Time (ms),6.070266698952764
1024,2,relu,float16,False,MLP,mps,Forward Time (ms),3.292004205286503
1024,2,relu,float16,False,MLP,mps,Backward Time (ms),6.372979091247544
1024,2,relu,float16,False,PreCompiledMLP,mps,Forward Time (ms),2.9609542049001902
1024,2,relu,float16,False,PreCompiledMLP,mps,Backward Time (ms),5.961654195562005
1024,2,relu,bfloat16,False,MLP,mps,Forward Time (ms),5.739958299091086
1024,2,relu,bfloat16,False,MLP,mps,Backward Time (ms),12.159170903032646
1024,2,relu,bfloat16,False,PreCompiledMLP,mps,Forward Time (ms),5.794466694351286
1024,2,relu,bfloat16,False,PreCompiledMLP,mps,Backward Time (ms),9.67244160710834
1024,2,relu2,float32,False,MLP,mps,Forward Time (ms),4.535095801111311
1024,2,relu2,float32,False,MLP,mps,Backward Time (ms),60.80450839945115
1024,2,relu2,float32,False,PreCompiledMLP,mps,Forward Time (ms),3.0875708034727722
1024,2,relu2,float32,False,PreCompiledMLP,mps,Backward Time (ms),6.004674994619563
1024,2,relu2,float16,False,MLP,mps,Forward Time (ms),5.10137919918634
1024,2,relu2,float16,False,MLP,mps,Backward Time (ms),12.129191600251943
1024,2,relu2,float16,False,PreCompiledMLP,mps,Forward Time (ms),3.2926457992289215
1024,2,relu2,float16,False,PreCompiledMLP,mps,Backward Time (ms),6.240162497851998
1024,2,relu2,bfloat16,False,MLP,mps,Forward Time (ms),6.402075005462393
1024,2,relu2,bfloat16,False,MLP,mps,Backward Time (ms),10.786170791834593
1024,2,relu2,bfloat16,False,PreCompiledMLP,mps,Forward Time (ms),4.802124999696389
1024,2,relu2,bfloat16,False,PreCompiledMLP,mps,Backward Time (ms),9.028579201549292
1024,2,silu,float32,False,MLP,mps,Forward Time (ms),2.7119916980154812
1024,2,silu,float32,False,MLP,mps,Backward Time (ms),5.923900002380833
1024,2,silu,float32,False,PreCompiledMLP,mps,Forward Time (ms),2.744400000665337
1024,2,silu,float32,False,PreCompiledMLP,mps,Backward Time (ms),5.991850001737475
1024,2,silu,float16,False,MLP,mps,Forward Time (ms),3.4114790963940322
1024,2,silu,float16,False,MLP,mps,Backward Time (ms),6.2177417043130845
1024,2,silu,float16,False,PreCompiledMLP,mps,Forward Time (ms),2.9614958039019257
1024,2,silu,float16,False,PreCompiledMLP,mps,Backward Time (ms),5.4536999959964305
1024,2,silu,bfloat16,False,MLP,mps,Forward Time (ms),5.628683295799419
1024,2,silu,bfloat16,False,MLP,mps,Backward Time (ms),10.001962602837011
1024,2,silu,bfloat16,False,PreCompiledMLP,mps,Forward Time (ms),4.768933303421363
1024,2,silu,bfloat16,False,PreCompiledMLP,mps,Backward Time (ms),9.171283396426588
1024,4,relu,float32,False,MLP,mps,Forward Time (ms),4.307929199421778
1024,4,relu,float32,False,MLP,mps,Backward Time (ms),11.03622080408968
1024,4,relu,float32,False,PreCompiledMLP,mps,Forward Time (ms),5.560129100922495
1024,4,relu,float32,False,PreCompiledMLP,mps,Backward Time (ms),12.23597510252148
1024,4,relu,float16,False,MLP,mps,Forward Time (ms),6.9607957964763045
1024,4,relu,float16,False,MLP,mps,Backward Time (ms),12.337658402975649
1024,4,relu,float16,False,PreCompiledMLP,mps,Forward Time (ms),5.817212502006441
1024,4,relu,float16,False,PreCompiledMLP,mps,Backward Time (ms),11.405820801155642
1024,4,relu,bfloat16,False,MLP,mps,Forward Time (ms),11.303954204777256
1024,4,relu,bfloat16,False,MLP,mps,Backward Time (ms),23.634854092961177
1024,4,relu,bfloat16,False,PreCompiledMLP,mps,Forward Time (ms),8.192049997160211
1024,4,relu,bfloat16,False,PreCompiledMLP,mps,Backward Time (ms),15.842825005529448
1024,4,relu2,float32,False,MLP,mps,Forward Time (ms),6.318620801903307
1024,4,relu2,float32,False,MLP,mps,Backward Time (ms),13.54892500094138
1024,4,relu2,float32,False,PreCompiledMLP,mps,Forward Time (ms),5.332941701635718
1024,4,relu2,float32,False,PreCompiledMLP,mps,Backward Time (ms),10.62680829782039
1024,4,relu2,float16,False,MLP,mps,Forward Time (ms),6.982591695850715
1024,4,relu2,float16,False,MLP,mps,Backward Time (ms),12.122575007379055
1024,4,relu2,float16,False,PreCompiledMLP,mps,Forward Time (ms),4.664033401058987
1024,4,relu2,float16,False,PreCompiledMLP,mps,Backward Time (ms),10.394395800540224
1024,4,relu2,bfloat16,False,MLP,mps,Forward Time (ms),11.88887910102494
1024,4,relu2,bfloat16,False,MLP,mps,Backward Time (ms),21.078637498430908
1024,4,relu2,bfloat16,False,PreCompiledMLP,mps,Forward Time (ms),13.130345795070753
1024,4,relu2,bfloat16,False,PreCompiledMLP,mps,Backward Time (ms),19.426587503403425
1024,4,silu,float32,False,MLP,mps,Forward Time (ms),8.540712500689551
1024,4,silu,float32,False,MLP,mps,Backward Time (ms),25.36044999724254
1024,4,silu,float32,False,PreCompiledMLP,mps,Forward Time (ms),6.141324999043718
1024,4,silu,float32,False,PreCompiledMLP,mps,Backward Time (ms),13.374954101163894
1024,4,silu,float16,False,MLP,mps,Forward Time (ms),7.374091696692631
1024,4,silu,float16,False,MLP,mps,Backward Time (ms),12.552825000602752
1024,4,silu,float16,False,PreCompiledMLP,mps,Forward Time (ms),4.823754203971475
1024,4,silu,float16,False,PreCompiledMLP,mps,Backward Time (ms),10.870433296076953
1024,4,silu,bfloat16,False,MLP,mps,Forward Time (ms),11.722200002986938
1024,4,silu,bfloat16,False,MLP,mps,Backward Time (ms),19.490145897725597
1024,4,silu,bfloat16,False,PreCompiledMLP,mps,Forward Time (ms),8.567170798778534
1024,4,silu,bfloat16,False,PreCompiledMLP,mps,Backward Time (ms),18.44384170253761
1024,8,relu,float32,False,MLP,mps,Forward Time (ms),12.753391696605831
1024,8,relu,float32,False,MLP,mps,Backward Time (ms),24.473395803943276
1024,8,relu,float32,False,PreCompiledMLP,mps,Forward Time (ms),11.658833298133686
1024,8,relu,float32,False,PreCompiledMLP,mps,Backward Time (ms),23.536824999609962
1024,8,relu,float16,False,MLP,mps,Forward Time (ms),13.017812499310821
1024,8,relu,float16,False,MLP,mps,Backward Time (ms),23.325104196555912
1024,8,relu,float16,False,PreCompiledMLP,mps,Forward Time (ms),10.294904198963195
1024,8,relu,float16,False,PreCompiledMLP,mps,Backward Time (ms),22.855258302297443
1024,8,relu,bfloat16,False,MLP,mps,Forward Time (ms),21.766187500907108
1024,8,relu,bfloat16,False,MLP,mps,Backward Time (ms),34.622070798650384
1024,8,relu,bfloat16,False,PreCompiledMLP,mps,Forward Time (ms),17.82418329967186
1024,8,relu,bfloat16,False,PreCompiledMLP,mps,Backward Time (ms),35.14547079685144
1024,8,relu2,float32,False,MLP,mps,Forward Time (ms),14.96070419671014
1024,8,relu2,float32,False,MLP,mps,Backward Time (ms),31.952291604829952
1024,8,relu2,float32,False,PreCompiledMLP,mps,Forward Time (ms),11.553908296627924
1024,8,relu2,float32,False,PreCompiledMLP,mps,Backward Time (ms),28.070383303565904
1024,8,relu2,float16,False,MLP,mps,Forward Time (ms),15.468312503071502
1024,8,relu2,float16,False,MLP,mps,Backward Time (ms),24.8779957939405
1024,8,relu2,float16,False,PreCompiledMLP,mps,Forward Time (ms),10.79904169891961
1024,8,relu2,float16,False,PreCompiledMLP,mps,Backward Time (ms),23.782108299201354
1024,8,relu2,bfloat16,False,MLP,mps,Forward Time (ms),23.45994579955004
1024,8,relu2,bfloat16,False,MLP,mps,Backward Time (ms),36.00202510133386
1024,8,relu2,bfloat16,False,PreCompiledMLP,mps,Forward Time (ms),18.52579159894958
1024,8,relu2,bfloat16,False,PreCompiledMLP,mps,Backward Time (ms),36.100491700926796
1024,8,silu,float32,False,MLP,mps,Forward Time (ms),12.3743416974321
1024,8,silu,float32,False,MLP,mps,Backward Time (ms),26.44753740169108
1024,8,silu,float32,False,PreCompiledMLP,mps,Forward Time (ms),11.449291702592745
1024,8,silu,float32,False,PreCompiledMLP,mps,Backward Time (ms),28.359437501057982
1024,8,silu,float16,False,MLP,mps,Forward Time (ms),13.846479199128225
1024,8,silu,float16,False,MLP,mps,Backward Time (ms),22.81184169696644
1024,8,silu,float16,False,PreCompiledMLP,mps,Forward Time (ms),10.578558297129348
1024,8,silu,float16,False,PreCompiledMLP,mps,Backward Time (ms),23.269100103061646
1024,8,silu,bfloat16,False,MLP,mps,Forward Time (ms),21.640679199481383
1024,8,silu,bfloat16,False,MLP,mps,Backward Time (ms),34.56766669987701
1024,8,silu,bfloat16,False,PreCompiledMLP,mps,Forward Time (ms),18.53580840397626
1024,8,silu,bfloat16,False,PreCompiledMLP,mps,Backward Time (ms),35.32931659719907
2048,2,relu,float32,False,MLP,mps,Forward Time (ms),12.039387499680743
2048,2,relu,float32,False,MLP,mps,Backward Time (ms),27.3220915987622
2048,2,relu,float32,False,PreCompiledMLP,mps,Forward Time (ms),11.009308398934081
2048,2,relu,float32,False,PreCompiledMLP,mps,Backward Time (ms),22.19325409969315
2048,2,relu,float16,False,MLP,mps,Forward Time (ms),12.673383299261332
2048,2,relu,float16,False,MLP,mps,Backward Time (ms),22.893629199825227
2048,2,relu,float16,False,PreCompiledMLP,mps,Forward Time (ms),9.965200000442564
2048,2,relu,float16,False,PreCompiledMLP,mps,Backward Time (ms),21.804395801154897
2048,2,relu,bfloat16,False,MLP,mps,Forward Time (ms),20.962862495798618
2048,2,relu,bfloat16,False,MLP,mps,Backward Time (ms),34.422208403702825
2048,2,relu,bfloat16,False,PreCompiledMLP,mps,Forward Time (ms),18.059608299518004
2048,2,relu,bfloat16,False,PreCompiledMLP,mps,Backward Time (ms),34.38912080018781
2048,2,relu2,float32,False,MLP,mps,Forward Time (ms),12.997645803261548
2048,2,relu2,float32,False,MLP,mps,Backward Time (ms),28.373074997216463
2048,2,relu2,float32,False,PreCompiledMLP,mps,Forward Time (ms),11.022583401063457
2048,2,relu2,float32,False,PreCompiledMLP,mps,Backward Time (ms),29.033174901269376
2048,2,relu2,float16,False,MLP,mps,Forward Time (ms),14.206858404213563
2048,2,relu2,float16,False,MLP,mps,Backward Time (ms),23.177691595628858
2048,2,relu2,float16,False,PreCompiledMLP,mps,Forward Time (ms),9.902950003743172
2048,2,relu2,float16,False,PreCompiledMLP,mps,Backward Time (ms),21.67332919780165
2048,2,relu2,bfloat16,False,MLP,mps,Forward Time (ms),21.689858299214393
2048,2,relu2,bfloat16,False,MLP,mps,Backward Time (ms),36.1232207971625
2048,2,relu2,bfloat16,False,PreCompiledMLP,mps,Forward Time (ms),17.678074998548254
2048,2,relu2,bfloat16,False,PreCompiledMLP,mps,Backward Time (ms),34.07577500329353
2048,2,silu,float32,False,MLP,mps,Forward Time (ms),11.920137499691918
2048,2,silu,float32,False,MLP,mps,Backward Time (ms),27.282641700003296
2048,2,silu,float32,False,PreCompiledMLP,mps,Forward Time (ms),11.153270798968151
2048,2,silu,float32,False,PreCompiledMLP,mps,Backward Time (ms),27.844270900823176
2048,2,silu,float16,False,MLP,mps,Forward Time (ms),13.220787496538833
2048,2,silu,float16,False,MLP,mps,Backward Time (ms),22.12264590198174
2048,2,silu,float16,False,PreCompiledMLP,mps,Forward Time (ms),9.983841696521267
2048,2,silu,float16,False,PreCompiledMLP,mps,Backward Time (ms),21.75582080380991
2048,2,silu,bfloat16,False,MLP,mps,Forward Time (ms),21.16751669673249
2048,2,silu,bfloat16,False,MLP,mps,Backward Time (ms),34.2789874994196
2048,2,silu,bfloat16,False,PreCompiledMLP,mps,Forward Time (ms),15.191541600506753
2048,2,silu,bfloat16,False,PreCompiledMLP,mps,Backward Time (ms),32.29837089893408
2048,4,relu,float32,False,MLP,mps,Forward Time (ms),28.499716601800174
2048,4,relu,float32,False,MLP,mps,Backward Time (ms),45.83715429762378
2048,4,relu,float32,False,PreCompiledMLP,mps,Forward Time (ms),24.22388750128448
2048,4,relu,float32,False,PreCompiledMLP,mps,Backward Time (ms),48.476912500336766
2048,4,relu,float16,False,MLP,mps,Forward Time (ms),25.716099998680875
2048,4,relu,float16,False,MLP,mps,Backward Time (ms),42.70637090085074
2048,4,relu,float16,False,PreCompiledMLP,mps,Forward Time (ms),22.128787502879277
2048,4,relu,float16,False,PreCompiledMLP,mps,Backward Time (ms),44.3833666970022
2048,4,relu,bfloat16,False,MLP,mps,Forward Time (ms),39.987091603688896
2048,4,relu,bfloat16,False,MLP,mps,Backward Time (ms),66.90597499837168
2048,4,relu,bfloat16,False,PreCompiledMLP,mps,Forward Time (ms),37.21049999585375
2048,4,relu,bfloat16,False,PreCompiledMLP,mps,Backward Time (ms),67.16024170164019
2048,4,relu2,float32,False,MLP,mps,Forward Time (ms),31.119049998233095
2048,4,relu2,float32,False,MLP,mps,Backward Time (ms),48.92784170224331
2048,4,relu2,float32,False,PreCompiledMLP,mps,Forward Time (ms),24.82677919906564
2048,4,relu2,float32,False,PreCompiledMLP,mps,Backward Time (ms),62.172737502260134
2048,4,relu2,float16,False,MLP,mps,Forward Time (ms),30.88683329988271
2048,4,relu2,float16,False,MLP,mps,Backward Time (ms),41.56918750377372
2048,4,relu2,float16,False,PreCompiledMLP,mps,Forward Time (ms),24.898954201489687
2048,4,relu2,float16,False,PreCompiledMLP,mps,Backward Time (ms),42.71359579870477
2048,4,relu2,bfloat16,False,MLP,mps,Forward Time (ms),42.2189167002216
2048,4,relu2,bfloat16,False,MLP,mps,Backward Time (ms),69.10872919834219
2048,4,relu2,bfloat16,False,PreCompiledMLP,mps,Forward Time (ms),39.084891602396965
2048,4,relu2,bfloat16,False,PreCompiledMLP,mps,Backward Time (ms),68.8889583980199
2048,4,silu,float32,False,MLP,mps,Forward Time (ms),25.29657079721801
2048,4,silu,float32,False,MLP,mps,Backward Time (ms),47.92421670281328
2048,4,silu,float32,False,PreCompiledMLP,mps,Forward Time (ms),25.42835830245167
2048,4,silu,float32,False,PreCompiledMLP,mps,Backward Time (ms),47.9826416936703
2048,4,silu,float16,False,MLP,mps,Forward Time (ms),25.73589169769548
2048,4,silu,float16,False,MLP,mps,Backward Time (ms),42.92057490092702
2048,4,silu,float16,False,PreCompiledMLP,mps,Forward Time (ms),21.991320804227144
2048,4,silu,float16,False,PreCompiledMLP,mps,Backward Time (ms),43.754366697976366
2048,4,silu,bfloat16,False,MLP,mps,Forward Time (ms),40.108195797074586
2048,4,silu,bfloat16,False,MLP,mps,Backward Time (ms),67.21074590459466
2048,4,silu,bfloat16,False,PreCompiledMLP,mps,Forward Time (ms),37.54474580055103
2048,4,silu,bfloat16,False,PreCompiledMLP,mps,Backward Time (ms),67.76826250134036
2048,8,relu,float32,False,MLP,mps,Forward Time (ms),61.39777500065975
2048,8,relu,float32,False,MLP,mps,Backward Time (ms),102.24278749665245
2048,8,relu,float32,False,PreCompiledMLP,mps,Forward Time (ms),55.50003329990432
2048,8,relu,float32,False,PreCompiledMLP,mps,Backward Time (ms),106.61439590039663
2048,8,relu,float16,False,MLP,mps,Forward Time (ms),49.98414579895325
2048,8,relu,float16,False,MLP,mps,Backward Time (ms),86.19253339711577
2048,8,relu,float16,False,PreCompiledMLP,mps,Forward Time (ms),50.47298749559559
2048,8,relu,float16,False,PreCompiledMLP,mps,Backward Time (ms),88.07782080257311
2048,8,relu,bfloat16,False,MLP,mps,Forward Time (ms),80.06559580098838
2048,8,relu,bfloat16,False,MLP,mps,Backward Time (ms),133.3386167010758
2048,8,relu,bfloat16,False,PreCompiledMLP,mps,Forward Time (ms),78.40245419647545
2048,8,relu,bfloat16,False,PreCompiledMLP,mps,Backward Time (ms),134.59379990235902
2048,8,relu2,float32,False,MLP,mps,Forward Time (ms),61.699700000463054
2048,8,relu2,float32,False,MLP,mps,Backward Time (ms),97.50159999821335
2048,8,relu2,float32,False,PreCompiledMLP,mps,Forward Time (ms),62.20293329679407
2048,8,relu2,float32,False,PreCompiledMLP,mps,Backward Time (ms),95.93628340517171
2048,8,relu2,float16,False,MLP,mps,Forward Time (ms),65.34977920236997
2048,8,relu2,float16,False,MLP,mps,Backward Time (ms),171.29199170158245
2048,8,relu2,float16,False,PreCompiledMLP,mps,Forward Time (ms),107.87899999995716
2048,8,relu2,float16,False,PreCompiledMLP,mps,Backward Time (ms),36.892641603481025
2048,8,relu2,bfloat16,False,MLP,mps,Forward Time (ms),81.26023330260068
2048,8,relu2,bfloat16,False,MLP,mps,Backward Time (ms),141.48302089888602
2048,8,relu2,bfloat16,False,PreCompiledMLP,mps,Forward Time (ms),81.36128330370411
2048,8,relu2,bfloat16,False,PreCompiledMLP,mps,Backward Time (ms),159.65557919698767
2048,8,silu,float32,False,MLP,mps,Forward Time (ms),72.30495830299333
2048,8,silu,float32,False,MLP,mps,Backward Time (ms),88.09094579773955
2048,8,silu,float32,False,PreCompiledMLP,mps,Forward Time (ms),59.62672079913318
2048,8,silu,float32,False,PreCompiledMLP,mps,Backward Time (ms),99.70300419954583
2048,8,silu,float16,False,MLP,mps,Forward Time (ms),49.02841669972986
2048,8,silu,float16,False,MLP,mps,Backward Time (ms),86.72371660359204
2048,8,silu,float16,False,PreCompiledMLP,mps,Forward Time (ms),48.987170797772706
2048,8,silu,float16,False,PreCompiledMLP,mps,Backward Time (ms),86.30933330277912
2048,8,silu,bfloat16,False,MLP,mps,Forward Time (ms),77.96636670245789
2048,8,silu,bfloat16,False,MLP,mps,Backward Time (ms),136.4013792015612
2048,8,silu,bfloat16,False,PreCompiledMLP,mps,Forward Time (ms),78.07052920106798
2048,8,silu,bfloat16,False,PreCompiledMLP,mps,Backward Time (ms),137.24864160176367
